vehicle	year	co2
car	2018	137.0670899
van	2018	152.3773854
bus_all	2018	837.9804241
bus_hsl	2018	837.9804241
bus_other	2018	837.9804241
truck_all	2018	1038.2687
other	2018	95.4279732
car	2040	47
van	2040	46
bus_all	2040	278
bus_hsl	2040	182
bus_other	2040	455
truck_all	2040	444
other	2040	80
car	2020	127
van	2020	135
bus_all	2020	0
bus_hsl	2020	645
bus_other	2020	763
truck_all	2020	950
other	2020	80
